divipola,municipio,departamento,menciones,ambiguedad
66001,PEREIRA,RISARALDA,282,unico
76001,CALI,VALLE DEL CAUCA,22,corto
17001,MANIZALES,CALDAS,139,unico
63001,ARMENIA,QUINDIO,4,nombre_repetido
66170,DOSQUEBRADAS,RISARALDA,18,unico
76147,CARTAGO,VALLE DEL CAUCA,10,unico
76520,PALMIRA,VALLE DEL CAUCA,11,unico
76109,BUENAVENTURA,VALLE DEL CAUCA,47,unico
27001,QUIBDÓ,CHOCÓ,94,unico
76130,CANDELARIA,VALLE DEL CAUCA,0,unico
17174,CHINCHINÁ,CALDAS,9,unico
66682,SANTA ROSA DE CABAL,RISARALDA,4,unico
63130,CALARCÁ,QUINDIO,5,unico
76834,TULUÁ,VALLE DEL CAUCA,6,unico
73001,IBAGUÉ,TOLIMA,2,unico
63470,MONTENEGRO,QUINDIO,2,unico
63594,QUIMBAYA,QUINDIO,6,unico
76895,ZARZAL,VALLE DEL CAUCA,0,unico
17873,VILLAMARÍA,CALDAS,0,unico
63190,CIRCASIA,QUINDIO,0,unico
66400,LA VIRGINIA,RISARALDA,0,unico
27361,ISTMINA,CHOCÓ,7,unico
63401,LA TEBAIDA,QUINDIO,1,unico
76400,LA UNIÓN,VALLE DEL CAUCA,0,palabra_riesgosa
76622,ROLDANILLO,VALLE DEL CAUCA,7,unico
17042,ANSERMA,CALDAS,0,unico
76111,GUADALAJARA DE BUGA,VALLE DEL CAUCA,0,unico
17524,PALESTINA,CALDAS,0,nombre_repetido
76020,ALCALÁ,VALLE DEL CAUCA,3,unico
76041,ANSERMANUEVO,VALLE DEL CAUCA,0,unico
05360,ITAGÜÍ,ANTIOQUIA,0,unico
76892,YUMBO,VALLE DEL CAUCA,5,unico
66440,MARSELLA,RISARALDA,2,unico
76364,JAMUNDÍ,VALLE DEL CAUCA,3,unico
76113,BUGALAGRANDE,VALLE DEL CAUCA,0,unico
76497,OBANDO,VALLE DEL CAUCA,5,unico
17614,RIOSUCIO,CALDAS,0,nombre_repetido
76248,EL CERRITO,VALLE DEL CAUCA,0,unico
76036,ANDALUCÍA,VALLE DEL CAUCA,0,unico
73268,ESPINAL,TOLIMA,1,unico
76122,CAICEDONIA,VALLE DEL CAUCA,0,unico
76736,SEVILLA,VALLE DEL CAUCA,2,unico
63272,FILANDIA,QUINDIO,3,unico
19573,PUERTO TEJADA,CAUCA,1,unico
76403,LA VICTORIA,VALLE DEL CAUCA,0,palabra_riesgosa
76318,GUACARÍ,VALLE DEL CAUCA,0,unico
27787,TADÓ,CHOCÓ,3,corto
27077,BAJO BAUDÓ,CHOCÓ,1,unico
66088,BELÉN DE UMBRÍA,RISARALDA,4,unico
76823,TORO,VALLE DEL CAUCA,1,corto
17877,VITERBO,CALDAS,1,unico
17486,NEIRA,CALDAS,0,unico
11001,"BOGOTÁ, D.C.","BOGOTÁ, D.C.",0,palabra_riesgosa
27205,CONDOTO,CHOCÓ,2,unico
27250,EL LITORAL DEL SAN JUAN,CHOCÓ,33,unico
27450,MEDIO SAN JUAN,CHOCÓ,0,unico
27430,MEDIO BAUDÓ,CHOCÓ,0,unico
66594,QUINCHÍA,RISARALDA,0,unico
76845,ULLOA,VALLE DEL CAUCA,2,unico
27050,ATRATO,CHOCÓ,7,unico
27810,UNIÓN PANAMERICANA,CHOCÓ,0,unico
17616,RISARALDA,CALDAS,57,palabra_riesgosa
66687,SANTUARIO,RISARALDA,0,unico
17088,BELALCÁZAR,CALDAS,0,unico
73319,GUAMO,TOLIMA,4,unico
05615,RIONEGRO,ANTIOQUIA,0,nombre_repetido
76670,SAN PEDRO,VALLE DEL CAUCA,0,palabra_riesgosa
19845,VILLA RICA,CAUCA,0,palabra_riesgosa
05034,ANDES,ANTIOQUIA,0,unico
05001,MEDELLÍN,ANTIOQUIA,86,unico
17380,LA DORADA,CALDAS,0,unico
27491,NÓVITA,CHOCÓ,13,unico
27600,RÍO QUITO,CHOCÓ,0,unico
27413,LLORÓ,CHOCÓ,0,unico
66075,BALBOA,RISARALDA,0,nombre_repetido
27135,EL CANTÓN DEL SAN PABLO,CHOCÓ,0,unico
25307,GIRARDOT,CUNDINAMARCA,1,unico
27160,CÉRTEGUI,CHOCÓ,1,unico
17777,SUPÍA,CALDAS,0,unico
19698,SANTANDER DE QUILICHAO,CAUCA,2,unico
76828,TRUJILLO,VALLE DEL CAUCA,12,unico
27025,ALTO BAUDÓ,CHOCÓ,1,unico
66572,PUEBLO RICO,RISARALDA,0,unico
73275,FLANDES,TOLIMA,0,unico
66045,APÍA,RISARALDA,0,corto
76100,BOLÍVAR,VALLE DEL CAUCA,0,palabra_riesgosa
17272,FILADELFIA,CALDAS,0,unico
76243,EL ÁGUILA,VALLE DEL CAUCA,0,palabra_riesgosa
66318,GUÁTICA,RISARALDA,3,unico
76616,RIOFRÍO,VALLE DEL CAUCA,1,unico
66383,LA CELIA,RISARALDA,1,unico
19300,GUACHENÉ,CAUCA,0,unico
05266,ENVIGADO,ANTIOQUIA,0,unico
63690,SALENTO,QUINDIO,11,unico
76233,DAGUA,VALLE DEL CAUCA,1,unico
76563,PRADERA,VALLE DEL CAUCA,0,unico
27073,BAGADÓ,CHOCÓ,0,unico
76890,YOTOCO,VALLE DEL CAUCA,2,unico
17665,SAN JOSÉ,CALDAS,0,palabra_riesgosa
66456,MISTRATÓ,RISARALDA,0,unico
73217,COYAIMA,TOLIMA,0,unico
73504,ORTEGA,TOLIMA,6,unico
27580,RÍO IRÓ,CHOCÓ,0,unico
76054,ARGELIA,VALLE DEL CAUCA,0,nombre_repetido
76126,CALIMA,VALLE DEL CAUCA,1,unico
73671,SALDAÑA,TOLIMA,0,unico
76863,VERSALLES,VALLE DEL CAUCA,2,unico
25430,MADRID,CUNDINAMARCA,1,unico
76250,EL DOVIO,VALLE DEL CAUCA,2,unico
76275,FLORIDA,VALLE DEL CAUCA,1,unico
73124,CAJAMARCA,TOLIMA,1,unico
17050,ARANZAZU,CALDAS,0,unico
05631,SABANETA,ANTIOQUIA,2,unico
76606,RESTREPO,VALLE DEL CAUCA,0,nombre_repetido
76306,GINEBRA,VALLE DEL CAUCA,0,unico
73443,SAN SEBASTIÁN DE MARIQUITA,TOLIMA,0,unico
27425,MEDIO ATRATO,CHOCÓ,0,unico
76246,EL CAIRO,VALLE DEL CAUCA,4,unico
17653,SALAMINA,CALDAS,0,unico
05129,CALDAS,ANTIOQUIA,3,palabra_riesgosa
19455,MIRANDA,CAUCA,0,unico
76377,LA CUMBRE,VALLE DEL CAUCA,0,palabra_riesgosa
25286,FUNZA,CUNDINAMARCA,0,unico
73168,CHAPARRAL,TOLIMA,0,unico
05440,MARINILLA,ANTIOQUIA,0,unico
19513,PADILLA,CAUCA,3,unico
25754,SOACHA,CUNDINAMARCA,1,unico
25473,MOSQUERA,CUNDINAMARCA,0,nombre_repetido
05364,JARDÍN,ANTIOQUIA,0,unico
05376,LA CEJA,ANTIOQUIA,0,palabra_riesgosa
73585,PURIFICACIÓN,TOLIMA,0,unico
73283,FRESNO,TOLIMA,2,unico
05101,CIUDAD BOLÍVAR,ANTIOQUIA,0,unico
73408,LÉRIDA,TOLIMA,0,unico
76869,VIJES,VALLE DEL CAUCA,0,unico
73678,SAN LUIS,TOLIMA,5,palabra_riesgosa
17013,AGUADAS,CALDAS,0,unico
05400,LA UNIÓN,ANTIOQUIA,0,palabra_riesgosa
73411,LÍBANO,TOLIMA,0,unico
27660,SAN JOSÉ DEL PALMAR,CHOCÓ,79,unico
27745,SIPÍ,CHOCÓ,15,corto
27495,NUQUÍ,CHOCÓ,0,unico
05789,TÁMESIS,ANTIOQUIA,0,unico
73055,ARMERO,TOLIMA,0,unico
63212,CÓRDOBA,QUINDIO,0,palabra_riesgosa
05368,JERICÓ,ANTIOQUIA,3,unico
05282,FREDONIA,ANTIOQUIA,0,unico
05088,BELLO,ANTIOQUIA,3,unico
73861,VENADILLO,TOLIMA,0,unico
63111,BUENAVISTA,QUINDIO,0,nombre_repetido
05091,BETANIA,ANTIOQUIA,0,unico
05380,LA ESTRELLA,ANTIOQUIA,1,unico
25612,RICAURTE,CUNDINAMARCA,0,unico
73624,ROVIRA,TOLIMA,0,unico
05148,EL CARMEN DE VIBORAL,ANTIOQUIA,0,unico
73030,AMBALEMA,TOLIMA,0,unico
17513,PÁCORA,CALDAS,3,unico
27245,EL CARMEN DE ATRATO,CHOCÓ,3,unico
15572,PUERTO BOYACÁ,BOYACÁ,0,unico
73347,HERVEO,TOLIMA,0,unico
05390,LA PINTADA,ANTIOQUIA,1,unico
17442,MARMATO,CALDAS,0,unico
19142,CALOTO,CAUCA,0,unico
17433,MANZANARES,CALDAS,0,unico
05873,VIGÍA DEL FUERTE,ANTIOQUIA,0,unico
73349,HONDA,TOLIMA,0,unico
17388,LA MERCED,CALDAS,0,palabra_riesgosa
63548,PIJAO,QUINDIO,1,unico
63302,GÉNOVA,QUINDIO,1,unico
73547,PIEDRAS,TOLIMA,0,unico
73026,ALVARADO,TOLIMA,24,unico
05591,PUERTO TRIUNFO,ANTIOQUIA,0,unico
05756,SONSÓN,ANTIOQUIA,0,unico
25572,PUERTO SALGAR,CUNDINAMARCA,0,unico
05679,SANTA BÁRBARA,ANTIOQUIA,0,palabra_riesgosa
73520,PALOCABILDO,TOLIMA,0,unico
05607,RETIRO,ANTIOQUIA,2,unico
73449,MELGAR,TOLIMA,0,unico
05697,EL SANTUARIO,ANTIOQUIA,0,unico
73043,ANZOÁTEGUI,TOLIMA,0,unico
05642,SALGAR,ANTIOQUIA,0,unico
05856,VALPARAÍSO,ANTIOQUIA,0,unico
41001,NEIVA,HUILA,2,unico
05002,ABEJORRAL,ANTIOQUIA,0,unico
17867,VICTORIA,CALDAS,14,unico
73686,SANTA ISABEL,TOLIMA,0,unico
25269,FACATATIVÁ,CUNDINAMARCA,1,unico
05576,PUEBLORRICO,ANTIOQUIA,0,unico
73870,VILLAHERMOSA,TOLIMA,0,unico
05030,AMAGÁ,ANTIOQUIA,0,unico
05353,HISPANIA,ANTIOQUIA,0,unico
19212,CORINTO,CAUCA,0,unico
25320,GUADUAS,CUNDINAMARCA,0,unico
05847,URRAO,ANTIOQUIA,0,unico
73152,CASABIANCA,TOLIMA,0,unico
17541,PENSILVANIA,CALDAS,0,unico
73483,NATAGAIMA,TOLIMA,0,unico
73622,RONCESVALLES,TOLIMA,2,unico
05318,GUARNE,ANTIOQUIA,0,unico
17444,MARQUETALIA,CALDAS,0,unico
73461,MURILLO,TOLIMA,4,unico
25001,AGUA DE DIOS,CUNDINAMARCA,0,unico
19110,BUENOS AIRES,CAUCA,0,palabra_riesgosa
73270,FALAN,TOLIMA,0,unico
05209,CONCORDIA,ANTIOQUIA,0,unico
73675,SAN ANTONIO,TOLIMA,1,palabra_riesgosa
25815,TOCAIMA,CUNDINAMARCA,0,unico
05861,VENECIA,ANTIOQUIA,0,nombre_repetido
05541,PEÑOL,ANTIOQUIA,0,unico
27099,BOJAYÁ,CHOCÓ,0,unico
05321,GUATAPÉ,ANTIOQUIA,0,palabra_riesgosa
73200,COELLO,TOLIMA,0,unico
73854,VALLE DE SAN JUAN,TOLIMA,0,unico
17446,MARULANDA,CALDAS,0,unico
25214,COTA,CUNDINAMARCA,0,corto
17662,SAMANÁ,CALDAS,0,unico
73148,CARMEN DE APICALÁ,TOLIMA,0,unico
05792,TARSO,ANTIOQUIA,0,unico
05674,SAN VICENTE FERRER,ANTIOQUIA,0,unico
05145,CARAMANTA,ANTIOQUIA,0,unico
73616,RIOBLANCO,TOLIMA,68,unico
73563,PRADO,TOLIMA,2,unico
05585,PUERTO NARE,ANTIOQUIA,0,unico
05483,NARIÑO,ANTIOQUIA,0,palabra_riesgosa
05686,SANTA ROSA DE OSOS,ANTIOQUIA,0,unico
27150,CARMEN DEL DARIÉN,CHOCÓ,0,unico
41872,VILLAVIEJA,HUILA,0,unico
41016,AIPE,HUILA,0,corto
05664,SAN PEDRO DE LOS MILAGROS,ANTIOQUIA,0,unico
25799,TENJO,CUNDINAMARCA,0,unico
17495,NORCASIA,CALDAS,0,unico
73067,ATACO,TOLIMA,0,unico
73770,SUÁREZ,TOLIMA,0,nombre_repetido
25086,BELTRÁN,CUNDINAMARCA,26,unico
05093,BETULIA,ANTIOQUIA,0,nombre_repetido
25662,SAN JUAN DE RIOSECO,CUNDINAMARCA,0,unico
05475,MURINDÓ,ANTIOQUIA,0,unico
05579,PUERTO BERRÍO,ANTIOQUIA,0,unico
05809,TITIRIBÍ,ANTIOQUIA,0,unico
25488,NILO,CUNDINAMARCA,0,corto
27075,BAHÍA SOLANO,CHOCÓ,11,unico
19418,LÓPEZ DE MICAY,CAUCA,0,unico
41524,PALERMO,HUILA,0,unico
25324,GUATAQUÍ,CUNDINAMARCA,0,unico
19473,MORALES,CAUCA,10,unico
19548,PIENDAMÓ - TUNÍA,CAUCA,0,unico
05264,ENTRERRÍOS,ANTIOQUIA,0,unico
05837,TURBO,ANTIOQUIA,1,unico
68190,CIMITARRA,SANTANDER,0,unico
19001,POPAYÁN,CAUCA,6,unico
05467,MONTEBELLO,ANTIOQUIA,0,unico
05761,SOPETRÁN,ANTIOQUIA,0,unico
05284,FRONTINO,ANTIOQUIA,5,unico
19130,CAJIBÍO,CAUCA,1,unico
25260,EL ROSAL,CUNDINAMARCA,0,palabra_riesgosa
41799,TELLO,HUILA,0,unico
25035,ANAPOIMA,CUNDINAMARCA,0,unico
05036,ANGELÓPOLIS,ANTIOQUIA,0,unico
68101,BOLÍVAR,SANTANDER,0,palabra_riesgosa
05042,SANTA FÉ DE ANTIOQUIA,ANTIOQUIA,0,unico
25168,CHAGUANÍ,CUNDINAMARCA,0,unico
05059,ARMENIA,ANTIOQUIA,0,nombre_repetido
05055,ARGELIA,ANTIOQUIA,0,nombre_repetido
05313,GRANADA,ANTIOQUIA,0,nombre_repetido
05660,SAN LUIS,ANTIOQUIA,0,palabra_riesgosa
41132,CAMPOALEGRE,HUILA,0,unico
05197,COCORNÁ,ANTIOQUIA,0,unico
19137,CALDONO,CAUCA,0,unico
05652,SAN FRANCISCO,ANTIOQUIA,0,palabra_riesgosa
05237,DONMATÍAS,ANTIOQUIA,0,unico
25483,NARIÑO,CUNDINAMARCA,0,palabra_riesgosa
27615,RIOSUCIO,CHOCÓ,0,nombre_repetido
25599,APULO,CUNDINAMARCA,0,unico
05044,ANZÁ,ANTIOQUIA,0,corto
73226,CUNDAY,TOLIMA,0,unico
25175,CHÍA,CUNDINAMARCA,1,corto
25745,SIMIJACA,CUNDINAMARCA,0,unico
05887,YARUMAL,ANTIOQUIA,0,unico
25099,BOJACÁ,CUNDINAMARCA,0,unico
05021,ALEJANDRÍA,ANTIOQUIA,0,unico
19809,TIMBIQUÍ,CAUCA,0,unico
05240,EBÉJICO,ANTIOQUIA,0,unico
05649,SAN CARLOS,ANTIOQUIA,0,palabra_riesgosa
25368,JERUSALÉN,CUNDINAMARCA,0,unico
25386,LA MESA,CUNDINAMARCA,0,palabra_riesgosa
41615,RIVERA,HUILA,0,palabra_riesgosa
25878,VIOTÁ,CUNDINAMARCA,0,unico
05172,CHIGORODÓ,ANTIOQUIA,0,unico
05206,CONCEPCIÓN,ANTIOQUIA,0,unico
25885,YACOPÍ,CUNDINAMARCA,0,unico
05308,GIRARDOTA,ANTIOQUIA,0,unico
05480,MUTATÁ,ANTIOQUIA,1,unico
05347,HELICONIA,ANTIOQUIA,0,unico
25580,PULÍ,CUNDINAMARCA,0,corto
05667,SAN RAFAEL,ANTIOQUIA,0,palabra_riesgosa
05690,SANTO DOMINGO,ANTIOQUIA,5,unico
19780,SUÁREZ,CAUCA,0,nombre_repetido
73352,ICONONZO,TOLIMA,0,unico
25843,VILLA DE SAN DIEGO DE UBATÉ,CUNDINAMARCA,0,unico
25875,VILLETA,CUNDINAMARCA,0,unico
73555,PLANADAS,TOLIMA,0,unico
05670,SAN ROQUE,ANTIOQUIA,0,unico
05086,BELMIRA,ANTIOQUIA,0,unico
05501,OLAYA,ANTIOQUIA,3,unico
19821,TORIBÍO,CAUCA,0,unico
19807,TIMBÍO,CAUCA,0,unico
05890,YOLOMBÓ,ANTIOQUIA,0,unico
41078,BARAYA,HUILA,0,unico
25290,FUSAGASUGÁ,CUNDINAMARCA,1,unico
05658,SAN JOSÉ DE LA MONTAÑA,ANTIOQUIA,0,unico
05656,SAN JERÓNIMO,ANTIOQUIA,0,unico
73873,VILLARRICA,TOLIMA,0,unico
15676,SAN MIGUEL DE SEMA,BOYACÁ,0,unico
25596,QUIPILE,CUNDINAMARCA,0,unico
05234,DABEIBA,ANTIOQUIA,2,unico
05310,GÓMEZ PLATA,ANTIOQUIA,0,unico
25486,NEMOCÓN,CUNDINAMARCA,0,unico
25295,GACHANCIPÁ,CUNDINAMARCA,0,unico
25851,ÚTICA,CUNDINAMARCA,0,unico
05150,CAROLINA,ANTIOQUIA,22,unico
41885,YAGUARÁ,HUILA,0,unico
05125,CAICEDO,ANTIOQUIA,18,unico
25317,GUACHETÁ,CUNDINAMARCA,0,unico
05142,CARACOLÍ,ANTIOQUIA,0,unico
25123,CACHIPAY,CUNDINAMARCA,0,unico
19256,EL TAMBO,CAUCA,34,palabra_riesgosa
05038,ANGOSTURA,ANTIOQUIA,0,unico
25148,CAPARRAPÍ,CUNDINAMARCA,0,unico
25377,LA CALERA,CUNDINAMARCA,0,palabra_riesgosa
05893,YONDÓ,ANTIOQUIA,0,unico
25328,GUAYABAL DE SÍQUIMA,CUNDINAMARCA,0,unico
25740,SIBATÉ,CUNDINAMARCA,0,unico
52250,EL CHARCO,NARIÑO,0,palabra_riesgosa
19517,PÁEZ,CAUCA,0,corto
73236,DOLORES,TOLIMA,3,unico
25779,SUSA,CUNDINAMARCA,0,corto
05425,MACEO,ANTIOQUIA,0,unico
15176,CHIQUINQUIRÁ,BOYACÁ,0,unico
19318,GUAPI,CAUCA,0,unico
25736,SESQUILÉ,CUNDINAMARCA,0,unico
25398,LA PEÑA,CUNDINAMARCA,0,palabra_riesgosa
25095,BITUIMA,CUNDINAMARCA,0,unico
23807,TIERRALTA,CÓRDOBA,0,unico
19743,SILVIA,CAUCA,2,unico
25817,TOCANCIPÁ,CUNDINAMARCA,0,unico
25394,LA PALMA,CUNDINAMARCA,0,unico
25258,EL PEÑÓN,CUNDINAMARCA,0,nombre_repetido
19824,TOTORÓ,CAUCA,0,unico
52696,SANTA BÁRBARA,NARIÑO,0,palabra_riesgosa
41349,HOBO,HUILA,0,corto
73024,ALPUJARRA,TOLIMA,0,unico
25867,VIANÍ,CUNDINAMARCA,0,unico
52390,LA TOLA,NARIÑO,0,unico
41801,TERUEL,HUILA,0,unico
05647,SAN ANDRÉS DE CUERQUÍA,ANTIOQUIA,0,unico
25491,NOCAIMA,CUNDINAMARCA,0,unico
05079,BARBOSA,ANTIOQUIA,0,nombre_repetido
25402,LA VEGA,CUNDINAMARCA,3,nombre_repetido
25772,SUESCA,CUNDINAMARCA,0,unico
25823,TOPAIPÍ,CUNDINAMARCA,0,unico
05885,YALÍ,ANTIOQUIA,0,corto
05004,ABRIAQUÍ,ANTIOQUIA,0,unico
25797,TENA,CUNDINAMARCA,0,corto
25040,ANOLAIMA,CUNDINAMARCA,0,unico
25322,GUASCA,CUNDINAMARCA,0,unico
15632,SABOYÁ,BOYACÁ,0,unico
41797,TESALIA,HUILA,0,unico
05147,CAREPA,ANTIOQUIA,0,unico
25288,FÚQUENE,CUNDINAMARCA,0,unico
05190,CISNEROS,ANTIOQUIA,1,unico
25718,SASAIMA,CUNDINAMARCA,0,unico
68773,SUCRE,SANTANDER,0,nombre_repetido
25805,TIBACUY,CUNDINAMARCA,0,unico
52473,MOSQUERA,NARIÑO,0,nombre_repetido
05411,LIBORINA,ANTIOQUIA,0,unico
68081,BARRANCABERMEJA,SANTANDER,0,unico
25592,QUEBRADANEGRA,CUNDINAMARCA,0,unico
25506,VENECIA,CUNDINAMARCA,0,nombre_repetido
25245,EL COLEGIO,CUNDINAMARCA,2,unico
25489,NIMAIMA,CUNDINAMARCA,0,unico
05031,AMALFI,ANTIOQUIA,4,unico
25200,COGUA,CUNDINAMARCA,0,unico
52490,OLAYA HERRERA,NARIÑO,0,unico
05604,REMEDIOS,ANTIOQUIA,0,unico
68573,PUERTO PARRA,SANTANDER,0,unico
25053,ARBELÁEZ,CUNDINAMARCA,0,unico
27372,JURADÓ,CHOCÓ,0,unico
25120,CABRERA,CUNDINAMARCA,0,nombre_repetido
68250,EL PEÑÓN,SANTANDER,0,nombre_repetido
19364,JAMBALÓ,CAUCA,0,unico
25224,CUCUNUBÁ,CUNDINAMARCA,0,unico
41676,SANTA MARÍA,HUILA,0,palabra_riesgosa
68385,LANDÁZURI,SANTANDER,0,unico
05842,URAMITA,ANTIOQUIA,2,unico
25524,PANDI,CUNDINAMARCA,0,unico
25649,SAN BERNARDO,CUNDINAMARCA,0,unico
25862,VERGARA,CUNDINAMARCA,1,unico
25181,CHOACHÍ,CUNDINAMARCA,0,unico
50226,CUMARAL,META,0,unico
19355,INZÁ,CAUCA,0,corto
05736,SEGOVIA,ANTIOQUIA,0,unico
23580,PUERTO LIBERTADOR,CÓRDOBA,0,unico
50370,URIBE,META,23,unico
15580,QUÍPAMA,BOYACÁ,0,unico
05858,VEGACHÍ,ANTIOQUIA,0,unico
15507,OTANCHE,BOYACÁ,0,unico
18753,SAN VICENTE DEL CAGUÁN,CAQUETÁ,0,unico
50223,CUBARRAL,META,0,unico
41206,COLOMBIA,HUILA,1,palabra_riesgosa
50330,MESETAS,META,0,unico
68264,ENCINO,SANTANDER,0,unico
15764,SORACÁ,BOYACÁ,0,unico
68255,EL PLAYÓN,SANTANDER,0,unico
15776,SUTAMARCHÁN,BOYACÁ,0,unico
15778,SUTATENZA,BOYACÁ,0,unico
68895,ZAPATOCA,SANTANDER,0,unico
68368,JESÚS MARÍA,SANTANDER,2,unico
68872,VILLANUEVA,SANTANDER,0,unico
68245,EL GUACAMAYO,SANTANDER,0,unico
68861,VÉLEZ,SANTANDER,1,unico
68855,VALLE DE SAN JOSÉ,SANTANDER,0,unico
15798,TENZA,BOYACÁ,0,unico
68770,SUAITA,SANTANDER,0,unico
15763,SOTAQUIRÁ,BOYACÁ,0,unico
15761,SOMONDOCO,BOYACÁ,0,unico
15762,SORA,BOYACÁ,0,corto
68271,FLORIÁN,SANTANDER,0,unico
15740,SIACHOQUE,BOYACÁ,0,unico
15696,SANTA SOFÍA,BOYACÁ,1,unico
68235,EL CARMEN DE CHUCURÍ,SANTANDER,0,unico
15690,SANTA MARÍA,BOYACÁ,0,palabra_riesgosa
15686,SANTANA,BOYACÁ,0,unico
15681,SAN PABLO DE BORBUR,BOYACÁ,0,unico
15667,SAN LUIS DE GACENO,BOYACÁ,0,unico
68217,COROMORO,SANTANDER,0,unico
15664,SAN JOSÉ DE PARE,BOYACÁ,0,unico
68211,CONTRATACIÓN,SANTANDER,1,unico
68209,CONFINES,SANTANDER,0,unico
68755,SOCORRO,SANTANDER,0,palabra_riesgosa
68745,SIMACOTA,SANTANDER,0,unico
68344,HATO,SANTANDER,0,corto
68720,SANTA HELENA DEL OPÓN,SANTANDER,0,unico
68370,JORDÁN,SANTANDER,0,unico
68327,GÜEPSA,SANTANDER,0,unico
68324,GUAVATÁ,SANTANDER,0,unico
68377,LA BELLEZA,SANTANDER,0,unico
68322,GUAPOTÁ,SANTANDER,0,unico
68397,LA PAZ,SANTANDER,0,palabra_riesgosa
68406,LEBRIJA,SANTANDER,0,unico
68418,LOS SANTOS,SANTANDER,4,unico
68498,OCAMONTE,SANTANDER,0,unico
68320,GUADALUPE,SANTANDER,0,nombre_repetido
68307,GIRÓN,SANTANDER,0,unico
68500,OIBA,SANTANDER,0,corto
68298,GÁMBITA,SANTANDER,0,unico
68296,GALÁN,SANTANDER,6,unico
68522,PALMAR,SANTANDER,0,palabra_riesgosa
68524,PALMAS DEL SOCORRO,SANTANDER,0,unico
15638,SÁCHICA,BOYACÁ,0,unico
68533,PÁRAMO,SANTANDER,1,unico
68549,PINCHOTE,SANTANDER,0,unico
68572,PUENTE NACIONAL,SANTANDER,0,unico
68276,FLORIDABLANCA,SANTANDER,0,unico
68575,PUERTO WILCHES,SANTANDER,0,unico
68615,RIONEGRO,SANTANDER,0,nombre_repetido
68655,SABANA DE TORRES,SANTANDER,0,unico
68673,SAN BENITO,SANTANDER,0,unico
68679,SAN GIL,SANTANDER,0,unico
68689,SAN VICENTE DE CHUCURÍ,SANTANDER,0,unico
15646,SAMACÁ,BOYACÁ,0,unico
25807,TIBIRITA,CUNDINAMARCA,0,unico
15621,RONDÓN,BOYACÁ,0,unico
13688,SANTA ROSA DEL SUR,BOLÍVAR,0,unico
05819,TOLEDO,ANTIOQUIA,0,unico
05854,VALDIVIA,ANTIOQUIA,0,unico
05895,ZARAGOZA,ANTIOQUIA,0,unico
13160,CANTAGALLO,BOLÍVAR,0,unico
13458,MONTECRISTO,BOLÍVAR,0,unico
13670,SAN PABLO,BOLÍVAR,0,unico
13744,SIMITÍ,BOLÍVAR,0,unico
05628,SABANALARGA,ANTIOQUIA,0,unico
15001,TUNJA,BOYACÁ,0,unico
15022,ALMEIDA,BOYACÁ,0,unico
15051,ARCABUCO,BOYACÁ,0,unico
15090,BERBEO,BOYACÁ,0,unico
15104,BOYACÁ,BOYACÁ,32,palabra_riesgosa
15106,BRICEÑO,BOYACÁ,0,nombre_repetido
05790,TARAZÁ,ANTIOQUIA,0,unico
05543,PEQUE,ANTIOQUIA,0,unico
15600,RÁQUIRA,BOYACÁ,0,unico
05134,CAMPAMENTO,ANTIOQUIA,0,unico
95001,SAN JOSÉ DEL GUAVIARE,GUAVIARE,0,unico
05040,ANORÍ,ANTIOQUIA,0,unico
05045,APARTADÓ,ANTIOQUIA,0,unico
05107,BRICEÑO,ANTIOQUIA,0,nombre_repetido
05113,BURITICÁ,ANTIOQUIA,0,unico
05120,CÁCERES,ANTIOQUIA,0,unico
05138,CAÑASGORDAS,ANTIOQUIA,0,unico
05495,NECHÍ,ANTIOQUIA,0,unico
05154,CAUCASIA,ANTIOQUIA,0,unico
05212,COPACABANA,ANTIOQUIA,0,unico
05250,EL BAGRE,ANTIOQUIA,0,unico
05306,GIRALDO,ANTIOQUIA,17,unico
05315,GUADALUPE,ANTIOQUIA,0,nombre_repetido
05361,ITUANGO,ANTIOQUIA,2,unico
15109,BUENAVISTA,BOYACÁ,0,nombre_repetido
15131,CALDAS,BOYACÁ,0,palabra_riesgosa
15135,CAMPOHERMOSO,BOYACÁ,0,unico
15494,NUEVO COLÓN,BOYACÁ,0,unico
15425,MACANAL,BOYACÁ,0,unico
15442,MARIPÍ,BOYACÁ,0,unico
15455,MIRAFLORES,BOYACÁ,0,unico
15469,MONIQUIRÁ,BOYACÁ,0,unico
15476,MOTAVITA,BOYACÁ,0,unico
15480,MUZO,BOYACÁ,0,corto
15500,OICATÁ,BOYACÁ,0,unico
15172,CHINAVITA,BOYACÁ,0,unico
68179,CHIPATÁ,SANTANDER,0,unico
15511,PACHAVITA,BOYACÁ,0,unico
15516,PAIPA,BOYACÁ,0,unico
15531,PAUNA,BOYACÁ,0,unico
15542,PESCA,BOYACÁ,0,unico
15599,RAMIRIQUÍ,BOYACÁ,0,unico
15407,VILLA DE LEYVA,BOYACÁ,0,unico
15401,LA VICTORIA,BOYACÁ,0,palabra_riesgosa
15380,LA CAPILLA,BOYACÁ,1,unico
15367,JENESANO,BOYACÁ,0,unico
15325,GUAYATÁ,BOYACÁ,0,unico
15322,GUATEQUE,BOYACÁ,0,unico
15299,GARAGOA,BOYACÁ,0,unico
15293,GACHANTIVÁ,BOYACÁ,0,unico
15238,DUITAMA,BOYACÁ,0,unico
15236,CHIVOR,BOYACÁ,0,unico
15232,CHÍQUIZA,BOYACÁ,0,unico
15224,CUCAITA,BOYACÁ,0,unico
15212,COPER,BOYACÁ,0,unico
15204,CÓMBITA,BOYACÁ,0,unico
15189,CIÉNEGA,BOYACÁ,0,unico
15187,CHIVATÁ,BOYACÁ,0,unico
15185,CHITARAQUE,BOYACÁ,0,unico
15804,TIBANÁ,BOYACÁ,0,unico
68013,AGUADA,SANTANDER,0,unico
68176,CHIMA,SANTANDER,0,unico
25154,CARMEN DE CARUPA,CUNDINAMARCA,0,unico
25126,CAJICÁ,CUNDINAMARCA,0,unico
41319,GUADALUPE,HUILA,0,nombre_repetido
41306,GIGANTE,HUILA,5,unico
41298,GARZÓN,HUILA,1,unico
41244,ELÍAS,HUILA,0,unico
25151,CÁQUEZA,CUNDINAMARCA,0,unico
41026,ALTAMIRA,HUILA,0,unico
41359,ISNOS,HUILA,0,unico
41020,ALGECIRAS,HUILA,0,unico
25178,CHIPAQUE,CUNDINAMARCA,0,unico
41013,AGRADO,HUILA,0,unico
41006,ACEVEDO,HUILA,1,unico
25183,CHOCONTÁ,CUNDINAMARCA,0,unico
27800,UNGUÍA,CHOCÓ,0,unico
41357,ÍQUIRA,HUILA,0,unico
41378,LA ARGENTINA,HUILA,0,unico
68167,CHARALÁ,SANTANDER,0,unico
41668,SAN AGUSTÍN,HUILA,0,unico
23466,MONTELÍBANO,CÓRDOBA,0,unico
41807,TIMANÁ,HUILA,0,unico
23682,SAN JOSÉ DE URÉ,CÓRDOBA,0,unico
25019,ALBÁN,CUNDINAMARCA,0,unico
41791,TARQUI,HUILA,0,unico
41770,SUAZA,HUILA,0,unico
41660,SALADOBLANCO,HUILA,0,unico
41396,LA PLATA,HUILA,0,palabra_riesgosa
41551,PITALITO,HUILA,0,unico
41548,PITAL,HUILA,0,unico
41530,PALESTINA,HUILA,0,nombre_repetido
41518,PAICOL,HUILA,0,unico
41503,OPORAPA,HUILA,0,unico
41483,NÁTAGA,HUILA,0,unico
25279,FÓMEQUE,CUNDINAMARCA,0,unico
25281,FOSCA,CUNDINAMARCA,0,unico
25293,GACHALÁ,CUNDINAMARCA,0,unico
25873,VILLAPINZÓN,CUNDINAMARCA,0,unico
25658,SAN FRANCISCO,CUNDINAMARCA,0,palabra_riesgosa
25899,ZIPAQUIRÁ,CUNDINAMARCA,1,unico
25898,ZIPACÓN,CUNDINAMARCA,0,unico
25743,SILVANIA,CUNDINAMARCA,0,unico
25758,SOPÓ,CUNDINAMARCA,0,corto
25769,SUBACHOQUE,CUNDINAMARCA,0,unico
25871,VILLAGÓMEZ,CUNDINAMARCA,0,unico
25297,GACHETÁ,CUNDINAMARCA,0,unico
25777,SUPATÁ,CUNDINAMARCA,0,unico
25781,SUTATAUSA,CUNDINAMARCA,0,unico
25845,UNE,CUNDINAMARCA,0,corto
25785,TABIO,CUNDINAMARCA,0,unico
25841,UBAQUE,CUNDINAMARCA,0,unico
25839,UBALÁ,CUNDINAMARCA,0,unico
25653,SAN CAYETANO,CUNDINAMARCA,0,unico
25645,SAN ANTONIO DEL TEQUENDAMA,CUNDINAMARCA,0,unico
25594,QUETAME,CUNDINAMARCA,0,unico
25535,PASCA,CUNDINAMARCA,0,unico
25530,PARATEBUENO,CUNDINAMARCA,0,unico
25518,PAIME,CUNDINAMARCA,0,unico
25513,PACHO,CUNDINAMARCA,0,unico
25438,MEDINA,CUNDINAMARCA,2,unico
25436,MANTA,CUNDINAMARCA,0,unico
25426,MACHETÁ,CUNDINAMARCA,0,unico
25407,LENGUAZAQUE,CUNDINAMARCA,0,unico
25372,JUNÍN,CUNDINAMARCA,0,unico
25339,GUTIÉRREZ,CUNDINAMARCA,31,unico
25335,GUAYABETAL,CUNDINAMARCA,0,unico
25326,GUATAVITA,CUNDINAMARCA,0,unico
25312,GRANADA,CUNDINAMARCA,0,nombre_repetido
25299,GAMA,CUNDINAMARCA,0,corto
20770,SAN MARTÍN,CESAR,0,nombre_repetido
50001,VILLAVICENCIO,META,2,unico
50006,ACACÍAS,META,1,unico
19075,BALBOA,CAUCA,0,nombre_repetido
18001,FLORENCIA,CAQUETÁ,0,unico
18247,EL DONCELLO,CAQUETÁ,0,unico
18256,EL PAUJÍL,CAQUETÁ,0,unico
18592,PUERTO RICO,CAQUETÁ,0,palabra_riesgosa
19022,ALMAGUER,CAUCA,0,unico
19050,ARGELIA,CAUCA,0,nombre_repetido
19100,BOLÍVAR,CAUCA,0,palabra_riesgosa
54385,LA ESPERANZA,NORTE DE SANTANDER,0,palabra_riesgosa
19392,LA SIERRA,CAUCA,0,palabra_riesgosa
19397,LA VEGA,CAUCA,0,nombre_repetido
19450,MERCADERES,CAUCA,0,unico
19532,PATÍA,CAUCA,0,unico
19585,PURACÉ,CAUCA,0,unico
19622,ROSAS,CAUCA,0,unico
15897,ZETAQUIRA,BOYACÁ,0,unico
15879,VIRACACHÁ,BOYACÁ,0,unico
15861,VENTAQUEMADA,BOYACÁ,0,unico
15842,ÚMBITA,BOYACÁ,0,unico
15837,TUTA,BOYACÁ,0,corto
15835,TURMEQUÉ,BOYACÁ,0,unico
15832,TUNUNGUÁ,BOYACÁ,0,unico
15816,TOGÜÍ,BOYACÁ,0,unico
68001,BUCARAMANGA,SANTANDER,33,unico
25793,TAUSA,CUNDINAMARCA,0,unico
68020,ALBANIA,SANTANDER,0,unico
68077,BARBOSA,SANTANDER,0,nombre_repetido
68079,BARICHARA,SANTANDER,0,unico
15814,TOCA,BOYACÁ,0,corto
68092,BETULIA,SANTANDER,0,nombre_repetido
15808,TINJACÁ,BOYACÁ,0,unico
68121,CABRERA,SANTANDER,0,nombre_repetido
19693,SAN SEBASTIÁN,CAUCA,0,unico
54128,CÁCHIRA,NORTE DE SANTANDER,0,unico
50150,CASTILLA LA NUEVA,META,0,unico
50400,LEJANÍAS,META,0,unico
50683,SAN JUAN DE ARAMA,META,0,unico
50680,SAN CARLOS DE GUAROA,META,0,unico
50606,RESTREPO,META,0,nombre_repetido
50590,PUERTO RICO,META,0,palabra_riesgosa
50577,PUERTO LLERAS,META,0,unico
50573,PUERTO LÓPEZ,META,0,unico
50350,LA MACARENA,META,0,palabra_riesgosa
54003,ÁBREGO,NORTE DE SANTANDER,0,unico
50318,GUAMAL,META,0,unico
50313,GRANADA,META,0,nombre_repetido
50287,FUENTE DE ORO,META,0,unico
50270,EL DORADO,META,0,palabra_riesgosa
50251,EL CASTILLO,META,0,palabra_riesgosa
50245,EL CALVARIO,META,0,unico
50686,SAN JUANITO,META,0,unico
50689,SAN MARTÍN,META,0,nombre_repetido
50711,VISTAHERMOSA,META,0,unico
52079,BARBACOAS,NARIÑO,0,unico
52233,CUMBITARA,NARIÑO,0,unico
20710,SAN ALBERTO,CESAR,0,unico
52256,EL ROSARIO,NARIÑO,0,palabra_riesgosa
19785,SUCRE,CAUCA,0,nombre_repetido
52405,LEIVA,NARIÑO,0,unico
52418,LOS ANDES,NARIÑO,1,unico
52427,MAGÜÍ,NARIÑO,0,unico
19760,SOTARÁ PAISPAMBA,CAUCA,0,unico
52520,FRANCISCO PIZARRO,NARIÑO,0,unico
52540,POLICARPA,NARIÑO,0,unico
52621,ROBERTO PAYÁN,NARIÑO,0,unico
19701,SANTA ROSA,CAUCA,0,palabra_riesgosa
52835,SAN ANDRÉS DE TUMACO,NARIÑO,0,unico
95015,CALAMAR,GUAVIARE,0,unico
