fecha,categoria,valor,medio,url,contexto
2026-08-10,desaparecidos,379,La FM,https://www.lafm.com.co/actualidad/colapso-cementerio-pereira-terremoto-colombia-2026-impactantes-imagenes-407756,"menos 102.105 personas afectadas, mientras que se mantienen 379 personas desaparecidas. terremoto en colombia la curiosa tecnolog&#xed;a de los to"
2026-08-10,desaparecidos,400,Infobae,https://www.infobae.com/colombia/2026/08/10/en-vivo-fuerte-temblor-de-74-se-sintio-en-colombia-cali-y-manizales-reportan-derrumbes-en-edificaciones/,"eguir 13 ago, 2026 10:10 p. m. est guardar hay alrededor de 400 personas desaparecidas en las zonas afectadas por el terremoto - credito juan davi"
2026-08-12,desaparecidos,45,El Universal,https://www.eluniversal.com.co/colombia/2026/08/12/terremoto-en-colombia-las-cifras-por-ciudades-tras-3-dias-de-la-tragedia/,"capital de risaralda, registra 83 fallecidos, 279 heridos y 45 desaparecidos, ademas de 243 personas rescatadas. entre quienes fueron en"
2026-08-12,desaparecidos,230,El Universal,https://www.eluniversal.com.co/colombia/2026/08/12/terremoto-en-colombia-las-cifras-por-ciudades-tras-3-dias-de-la-tragedia/,"ocapitales. alli se reportan 74 fallecidos, 1.008 heridos y 230 desaparecidos. los equipos de rescate han conseguido sacar con vida a 89 "
2026-08-13,desaparecidos,348,Infobae,https://www.infobae.com/colombia/2026/08/13/el-departamento-de-estado-de-los-ee-uu-reitero-su-apoyo-al-gobierno-de-la-espriella-para-atender-emergencia-por-el-terremoto/,"l sismo deja al menos 281 muertos, 3.971 heridos y al menos 348 desaparecidos. “ la administracion trump continua apoyando al gobierno de"
2026-08-13,desaparecidos,371,Infobae,https://www.infobae.com/colombia/2026/08/13/mas-de-900-psicologos-se-movilizan-para-brindar-atencion-gratuita-a-victimas-del-fuerte-sismo-en-colombia/," armenia, ciudades que suman 204 fallecidos, 1.958 heridos, 371 desaparecidos y 325 estructuras colapsadas. estos datos reflejan que cerc"
2026-08-13,desaparecidos,377,La FM,https://www.lafm.com.co/actualidad/terremoto-colombia-en-vivo-hoy-13-agosto-2026-ultima-hora-balance-muertos-desaparecidos-407738,"rremoto del lunes: 9 7.515 personas afectadas, 273 muertos, 377 desaparecidos y 3.824 heridos. 11:44 a.&#xa0;m. habitantes piden que no l"
2026-08-13,desaparecidos,377,Infobae,https://www.infobae.com/colombia/2026/08/13/la-liendra-anuncio-un-documental-para-recaudar-dinero-para-los-damnificados-del-terremoto-en-colombia/,"del palmar, choco, dejo mas de 273 muertos, 3.800 heridos y 377 desaparecidos en seis departamentos: valle del cauca, risaralda, choco, c"
2026-08-13,desaparecidos,377,El Universal,https://www.eluniversal.com.co/mundo/2026/08/13/espana-anuncia-millonaria-ayuda-para-afectados-por-terremoto-en-colombia/," lea: terremoto de 7,4 en colombia ya deja 273 fallecidos y 377 personas desaparecidas de los recursos anunciados, 500.000 euros seran administrad"
2026-08-14,desaparecidos,188,El País (Cali),https://www.elpais.com.co/cali/terremoto-en-cali-en-vivo-autoridades-suspenden-el-pico-y-placa-debido-a-la-emergencia-1007.html,"noce. “pero lo que mas nos preocupa sin duda alguna son las 188 personas desaparecidas. y ahi, en ese punto en particular, es donde vamos a concen"
2026-08-14,desaparecidos,348,Infobae,https://www.infobae.com/colombia/2026/08/14/abelardo-de-la-espriella-entrego-balance-tras-reunion-con-el-sector-de-la-construccion-y-reafirmo-medidas-excepcionales-para-los-damnificados/,"n las cifras oficiales, ya deja 281 muertos, 3.971 heridos, 348 desaparecidos y, en total, 102.105 ciudadanos afectados. en el encuentro,"
2026-08-14,desaparecidos,379,Infobae,https://www.infobae.com/colombia/2026/08/14/que-tan-preparada-esta-bogota-para-un-gran-sismo-75-de-las-edificaciones-son-vulnerables-y-nueve-localidades-enfrentarian-riesgo-por-suelos-blandos/," personas impactadas. ademas, se registraron 3.971 heridos, 379 desaparecidos y 348 personas rescatadas. a nivel de infraestructura, el p"
2026-08-10,familias,1415,Infobae,https://www.infobae.com/colombia/2026/08/10/en-vivo-fuerte-temblor-de-74-se-sintio-en-colombia-cali-y-manizales-reportan-derrumbes-en-edificaciones/,das son de madera y quedaron en ruina por el terremoto: hay 1.415 familias damnificadas el mandatario dijo que la emergencia supera la capacidad lo
2026-08-10,familias,44936,La FM,https://www.lafm.com.co/sociedad/terremoto-en-colombia-que-es-la-subduccion-fenomeno-geologico-407848," de ellos, siendo 426 los municipios afectados, un total de 44.936 familias con algun tipo de dificultad por el sismo, correspondientes"
2026-08-10,familias,44936,Infobae,https://www.infobae.com/colombia/2026/08/10/en-vivo-fuerte-temblor-de-74-se-sintio-en-colombia-cali-y-manizales-reportan-derrumbes-en-edificaciones/,"ion del riesgo de desastres (ungrd) reporta 281 fallecidos, 44.936 familias afectadas y 102.105 personas afectadas ademas, informo que 65.841 viv"
2026-08-11,familias,10124,Chocó7dias,https://choco7dias.com/ultimo-balance-del-terremoto-en-el-choco-14-muertos-mas-de-43-000-damnificados-y-468-viviendas-destruidas/,"139 heridas y 4 desaparecidas. el impacto social es amplio: 10.124 familias damnificadas, lo que equivale a 43.178 personas afectadas. en materia de"
2026-08-12,familias,1415,Infobae,https://www.infobae.com/colombia/2026/08/12/que-hacer-durante-un-terremoto-si-esta-en-un-edificio-brigadista-de-topos-azteca-explico-la-posicion-mas-segura-para-resguardarse/,das son de madera y quedaron en ruina por el terremoto: hay 1.415 familias damnificadas el mandatario dijo que la emergencia supera la capacidad lo
2026-08-12,familias,25872,El Universal,https://www.eluniversal.com.co/colombia/2026/08/12/terremoto-en-colombia-las-cifras-por-ciudades-tras-3-dias-de-la-tragedia/,"nas fallecidas, 3.494 heridas y 53.816 afectadas, ademas de 25.872 familias impactadas por el desastre. la cifra de desaparecidos llego"
2026-08-13,familias,1415,Infobae,https://www.infobae.com/colombia/2026/08/13/terremoto-en-colombia-el-servicio-geologico-aclaro-si-los-cambios-de-clima-pueden-anticipar-un-sismo/,das son de madera y quedaron en ruina por el terremoto: hay 1.415 familias damnificadas bogota apoyara la evaluacion de danos en choco con 30 espec
2026-08-13,familias,40753,La FM,https://www.lafm.com.co/actualidad/terremoto-colombia-en-vivo-hoy-13-agosto-2026-ultima-hora-balance-muertos-desaparecidos-407738,"cial contabiliza 97.515 personas afectadas pertenecientes a 40.753 familias en varios departamentos del pais, mientras que en infraestr"
2026-08-13,familias,40753,Infobae,https://www.infobae.com/colombia/deportes/2026/08/13/la-liga-betplay-2026-ii-cambiaria-su-sistema-para-la-segunda-fase-por-el-terremoto-de-magnitud-74-en-colombia/," emergencia mantiene una cifra de 273 personas fallecidas y 40.753 familias afectadas, a corte del 13 del mismo mes, en medio de las labores de a"
2026-08-13,familias,40753,El Universal,https://www.eluniversal.com.co/mundo/2026/08/13/espana-anuncia-millonaria-ayuda-para-afectados-por-terremoto-en-colombia/,"onas fallecidas, 3.824 heridas y 377 desaparecidas. ademas, 40.753 familias resultaron afectadas, mientras que 12.584 viviendas quedaro"
2026-08-13,familias,44936,La FM,https://www.lafm.com.co/actualidad/terremoto-colombia-en-vivo-hoy-13-agosto-2026-ultima-hora-balance-muertos-desaparecidos-407738," devastador terremoto de magnitud 7,4 en colombia, que dejo 44.936 familias afectadas, 1.067 viviendas destruidas y mas de 65.000 averiadas, el p"
2026-08-13,familias,44936,Infobae,https://www.infobae.com/colombia/2026/08/13/indemnizacion-por-el-terremoto-quien-puede-reclamar-hasta-43-millones-y-que-documentos-necesita/,"del palmar, choco, deja un saldo parcial de 281 fallecidos, 44.936 familias afectadas y 102.105 personas afectadas. la emergencia tambien provoco"
2026-08-13,familias,44936,El Universal,https://www.eluniversal.com.co/colombia/2026/08/13/crece-cifra-de-fallecidos-en-colombia-tras-terremoto-de-74/,"s (ungrd), el balance humano de la tragedia se completa con 44.936 familias y 102.105 personas damnificadas en 426 municipios de 15 dep"
2026-08-14,familias,1415,Infobae,https://www.infobae.com/colombia/2026/08/14/que-tan-preparada-esta-bogota-para-un-gran-sismo-75-de-las-edificaciones-son-vulnerables-y-nueve-localidades-enfrentarian-riesgo-por-suelos-blandos/,das son de madera y quedaron en ruina por el terremoto: hay 1.415 familias damnificadas bogota apoyara la evaluacion de danos en choco con 30 espec
2026-08-14,familias,44000,Infobae,https://www.infobae.com/colombia/2026/08/14/abelardo-de-la-espriella-entrego-balance-tras-reunion-con-el-sector-de-la-construccion-y-reafirmo-medidas-excepcionales-para-los-damnificados/,"os afectados. “a largo plazo, presidente, es que las mas de 44.000 familias que perdieron su casa puedan volver a sentir que colombia n"
2026-08-14,familias,44936,Infobae,https://www.infobae.com/colombia/2026/08/14/que-tan-preparada-esta-bogota-para-un-gran-sismo-75-de-las-edificaciones-son-vulnerables-y-nueve-localidades-enfrentarian-riesgo-por-suelos-blandos/," del desastre: 15 departamentos y 426 municipios afectados, 44.936 familias damnificadas y 102.105 personas impactadas. ademas, se registraron 3.971"
2026-06-26,heridos,1300,Las2orillas,https://www.las2orillas.co/el-sacerdote-y-expandillero-que-hace-dos-meses-predijo-el-tragico-terremoto-del-pasado-10-de-agosto/,"ba a ser grave. hasta el momento van 250 fallecidos, mas de 1.300 heridos, miles de desaparecidos, y lugares de los que no se sabe pr"
2026-08-10,heridos,3971,La FM,https://www.lafm.com.co/actualidad/terremoto-colombia-reporte-oficial-muertos-heridos-407812,"tion del riesgo (ungrd) fue de 281 colombianos fallecidos y 3971 heridos. asimismo, aumento la cifra de viviendas destruidas, supera"
2026-08-12,heridos,174,El Universal,https://www.eluniversal.com.co/colombia/2026/08/12/terremoto-en-colombia-las-cifras-por-ciudades-tras-3-dias-de-la-tragedia/,"se a no registrar personas fallecidas. alli se contabilizan 174 heridos, 69 edificios colapsados y cerca de 1.400 estructuras averi"
2026-08-12,heridos,182,El Universal,https://www.eluniversal.com.co/colombia/2026/08/12/terremoto-en-colombia-las-cifras-por-ciudades-tras-3-dias-de-la-tragedia/,"n manizales, por su parte, se contabilizan seis fallecidos, 182 heridos y 4.000 damnificados, con afectaciones graves en viviendas "
2026-08-12,heridos,279,El Universal,https://www.eluniversal.com.co/colombia/2026/08/12/terremoto-en-colombia-las-cifras-por-ciudades-tras-3-dias-de-la-tragedia/,"man. pereira, capital de risaralda, registra 83 fallecidos, 279 heridos y 45 desaparecidos, ademas de 243 personas rescatadas. entr"
2026-08-12,heridos,1008,El Universal,https://www.eluniversal.com.co/colombia/2026/08/12/terremoto-en-colombia-las-cifras-por-ciudades-tras-3-dias-de-la-tragedia/,"las cifras de asocapitales. alli se reportan 74 fallecidos, 1.008 heridos y 230 desaparecidos. los equipos de rescate han conseguido "
2026-08-13,heridos,1958,Infobae,https://www.infobae.com/colombia/2026/08/13/mas-de-900-psicologos-se-movilizan-para-brindar-atencion-gratuita-a-victimas-del-fuerte-sismo-en-colombia/,"do, manizales y armenia, ciudades que suman 204 fallecidos, 1.958 heridos, 371 desaparecidos y 325 estructuras colapsadas. estos dato"
2026-08-13,heridos,3800,Infobae,https://www.infobae.com/colombia/2026/08/13/la-liendra-anuncio-un-documental-para-recaudar-dinero-para-los-damnificados-del-terremoto-en-colombia/,"tro en san jose del palmar, choco, dejo mas de 273 muertos, 3.800 heridos y 377 desaparecidos en seis departamentos: valle del cauca,"
2026-08-13,heridos,3824,La FM,https://www.lafm.com.co/actualidad/terremoto-colombia-en-vivo-hoy-13-agosto-2026-ultima-hora-balance-muertos-desaparecidos-407738," 7.515 personas afectadas, 273 muertos, 377 desaparecidos y 3.824 heridos. 11:44 a.&#xa0;m. habitantes piden que no los olviden la fm"
2026-08-13,heridos,3971,Infobae,https://www.infobae.com/colombia/2026/08/13/el-departamento-de-estado-de-los-ee-uu-reitero-su-apoyo-al-gobierno-de-la-espriella-para-atender-emergencia-por-el-terremoto/,"o de desastres (ungrd), el sismo deja al menos 281 muertos, 3.971 heridos y al menos 348 desaparecidos. “ la administracion trump con"
2026-08-14,heridos,380,El País (Cali),https://www.elpais.com.co/cali/terremoto-en-cali-en-vivo-autoridades-suspenden-el-pico-y-placa-debido-a-la-emergencia-1007.html,", el cual ratifico un balance preliminar de 15 fallecidos y 380 heridos en la ciudad. el alcalde alejandro eder informo que la red "
2026-08-14,heridos,1224,El País (Cali),https://www.elpais.com.co/cali/terremoto-en-cali-en-vivo-autoridades-suspenden-el-pico-y-placa-debido-a-la-emergencia-1007.html,"el balance tras el sismo asciende a 96 personas fallecidas, 1.224 heridos, 88 rescatados y 111 personas que permanecen desaparecidas."
2026-08-14,heridos,3971,Infobae,https://www.infobae.com/colombia/2026/08/14/que-tan-preparada-esta-bogota-para-un-gran-sismo-75-de-las-edificaciones-son-vulnerables-y-nueve-localidades-enfrentarian-riesgo-por-suelos-blandos/,"cadas y 102.105 personas impactadas. ademas, se registraron 3.971 heridos, 379 desaparecidos y 348 personas rescatadas. a nivel de in"
2026-12-13,heridos,3000,La FM,https://www.lafm.com.co/deportes/terremoto-colombia-presidente-dimayor-revela-corte-futbol-liga-betplay-407809," dej&#xf3; casi 100.000 personas afectadas, con m&#xe1;s de 3.000 heridos. credito: colprensa y dimayor el presidente de la dimayor, "
2026-06-26,muertos,250,Las2orillas,https://www.las2orillas.co/el-sacerdote-y-expandillero-que-hace-dos-meses-predijo-el-tragico-terremoto-del-pasado-10-de-agosto/,", pues aseguro que no iba a ser grave. hasta el momento van 250 fallecidos, mas de 1.300 heridos, miles de desaparecidos, y lugares de"
2026-08-10,muertos,281,Infobae,https://www.infobae.com/colombia/2026/08/10/en-vivo-fuerte-temblor-de-74-se-sintio-en-colombia-cali-y-manizales-reportan-derrumbes-en-edificaciones/," los familiares de las victimas de la tragedia, que ya deja 281 muertos a las 7:34 a. m. del lunes, un sismo prolongado se sintio e"
2026-08-10,muertos,300,La FM,https://www.lafm.com.co/sociedad/terremoto-en-colombia-que-es-la-subduccion-fenomeno-geologico-407848, colombia: la subducci&#xf3;n colombia reporta alrededor de 300 muertos tras uno de los terremotos m&#xe1;s fuertes en su historia 
2026-08-10,muertos,300,Infobae,https://www.infobae.com/colombia/2026/08/10/en-vivo-fuerte-temblor-de-74-se-sintio-en-colombia-cali-y-manizales-reportan-derrumbes-en-edificaciones/,"n saldo devastador: mas de 102.000 personas afectadas, casi 300 fallecidos, cerca de 11.000 viviendas destruidas y un sistema de servi"
2026-08-11,muertos,14,Chocó7dias,https://choco7dias.com/ultimo-balance-del-terremoto-en-el-choco-14-muertos-mas-de-43-000-damnificados-y-468-viviendas-destruidas/,"lt home lo ultimo ultimo balance del terremoto en el choco: 14 muertos, mas de 43.000 damnificados y 468 viviendas destruidas by c"
2026-08-12,muertos,74,El Universal,https://www.eluniversal.com.co/colombia/2026/08/12/terremoto-en-colombia-las-cifras-por-ciudades-tras-3-dias-de-la-tragedia/,"ectacion segun las cifras de asocapitales. alli se reportan 74 fallecidos, 1.008 heridos y 230 desaparecidos. los equipos de rescate "
2026-08-12,muertos,83,El Universal,https://www.eluniversal.com.co/colombia/2026/08/12/terremoto-en-colombia-las-cifras-por-ciudades-tras-3-dias-de-la-tragedia/,"fe/ ernesto guzman. pereira, capital de risaralda, registra 83 fallecidos, 279 heridos y 45 desaparecidos, ademas de 243 personas res"
2026-08-12,muertos,281,Infobae,https://www.infobae.com/colombia/2026/08/12/que-hacer-durante-un-terremoto-si-esta-en-un-edificio-brigadista-de-topos-azteca-explico-la-posicion-mas-segura-para-resguardarse/,"s de la reconstruccion del pais por la tragedia que ya deja 281 muertos a las 7:34 a. m. del lunes, un sismo prolongado se sintio e"
2026-08-13,muertos,125,Infobae,https://www.infobae.com/colombia/2026/08/13/la-liendra-anuncio-un-documental-para-recaudar-dinero-para-los-damnificados-del-terremoto-en-colombia/,"lle del cauca concentra la mayor parte de las victimas, con 125 fallecidos, seguido de risaralda con 94. ante esa magnitud, la iniciat"
2026-08-13,muertos,204,Infobae,https://www.infobae.com/colombia/2026/08/13/terremoto-en-colombia-el-servicio-geologico-aclaro-si-los-cambios-de-clima-pueden-anticipar-un-sismo/,"ldo de 273 fallecidos en el balance nacional, de los cuales 204 victimas mortales se reportaron en ciudades capitales, segun la asociacion co"
2026-08-13,muertos,270,Infobae,https://www.infobae.com/colombia/deportes/2026/08/13/las-tres-propuestas-de-la-dimayor-para-terminar-la-liga-betplay-y-la-copa-colombia-en-2026-tras-el-terremoto-evaluan-cambios/,"agnitud 7,4 grados en la escala de richter, que dejo mas de 270 muertos en las regiones del pacifico y el eje cafetero, ademas de g"
2026-08-13,muertos,273,La FM,https://www.lafm.com.co/actualidad/terremoto-colombia-en-vivo-hoy-13-agosto-2026-ultima-hora-balance-muertos-desaparecidos-407738,"nce por el terremoto del lunes: 9 7.515 personas afectadas, 273 muertos, 377 desaparecidos y 3.824 heridos. 11:44 a.&#xa0;m. habita"
2026-08-13,muertos,273,Infobae,https://www.infobae.com/colombia/2026/08/13/terremoto-en-colombia-el-servicio-geologico-aclaro-si-los-cambios-de-clima-pueden-anticipar-un-sismo/,"te en colombia en lo que va del siglo xxi, dejo un saldo de 273 fallecidos en el balance nacional, de los cuales 204 victimas mortales"
2026-08-13,muertos,273,El Universal,https://www.eluniversal.com.co/mundo/2026/08/13/espana-anuncia-millonaria-ayuda-para-afectados-por-terremoto-en-colombia/,"te la emergencia. lea: terremoto de 7,4 en colombia ya deja 273 fallecidos y 377 personas desaparecidas de los recursos anunciados, 50"
2026-08-13,muertos,281,Infobae,https://www.infobae.com/colombia/2026/08/13/terremoto-en-colombia-el-servicio-geologico-aclaro-si-los-cambios-de-clima-pueden-anticipar-un-sismo/,"s de la reconstruccion del pais por la tragedia que ya deja 281 muertos a las 7:34 a. m. del lunes, un sismo prolongado se sintio e"
2026-08-13,muertos,281,El Universal,https://www.eluniversal.com.co/colombia/2026/08/13/crece-cifra-de-fallecidos-en-colombia-tras-terremoto-de-74/," el presidente abelardo de la espriella, la cifra aumento a 281 fallecidos por el fuerte sismo que sacudio al paias. asimismo, el mand"
2026-08-14,muertos,15,El País (Cali),https://www.elpais.com.co/cali/terremoto-en-cali-en-vivo-autoridades-suspenden-el-pico-y-placa-debido-a-la-emergencia-1007.html," unificado (pmu), el cual ratifico un balance preliminar de 15 fallecidos y 380 heridos en la ciudad. el alcalde alejandro eder infor"
2026-08-14,muertos,270,Infobae,https://www.infobae.com/colombia/deportes/2026/08/14/la-dimayor-paso-de-las-criticas-a-los-aplausos-por-aplazar-el-futbol-colombiano-tras-el-terremoto-prioriza-la-empatia/,"emoto de 7,4 grados en la escala de richter que dejo mas de 270 muertos en las regiones del pacifico y el eje cafetero. sin embargo"
2026-08-14,muertos,281,Infobae,https://www.infobae.com/colombia/2026/08/14/que-tan-preparada-esta-bogota-para-un-gran-sismo-75-de-las-edificaciones-son-vulnerables-y-nueve-localidades-enfrentarian-riesgo-por-suelos-blandos/," los familiares de las victimas de la tragedia, que ya deja 281 muertos a las 7:34 a. m. del lunes, un sismo prolongado se sintio e"
2026-08-14,muertos,300,Infobae,https://www.infobae.com/colombia/2026/08/14/que-tan-preparada-esta-bogota-para-un-gran-sismo-75-de-las-edificaciones-son-vulnerables-y-nueve-localidades-enfrentarian-riesgo-por-suelos-blandos/,"n saldo devastador: mas de 102.000 personas afectadas, casi 300 fallecidos, cerca de 11.000 viviendas destruidas y un sistema de servi"
2026-12-13,muertos,270,La FM,https://www.lafm.com.co/deportes/terremoto-colombia-presidente-dimayor-revela-corte-futbol-liga-betplay-407809," encrucijada etica y logistica. con un saldo que supera los 270 fallecidos, miles de viviendas destruidas y una crisis humanitaria en "
2026-08-11,viviendas_averiadas,3199,Chocó7dias,https://choco7dias.com/ultimo-balance-del-terremoto-en-el-choco-14-muertos-mas-de-43-000-damnificados-y-468-viviendas-destruidas/,"as. en materia de infraestructura, las autoridades reportan 3.199 viviendas averiadas y 468 completamente destruidas. advertisement adem s, se re"
2026-08-13,viviendas_averiadas,65841,El Universal,https://www.eluniversal.com.co/colombia/2026/08/13/crece-cifra-de-fallecidos-en-colombia-tras-terremoto-de-74/,"rremoto. el terremoto dejo ademas 127 edificios colapsados, 65.841 viviendas averiadas y 10.677 destruidas, detallo de la espriella, que ha prefer"
2026-08-14,viviendas_averiadas,5000,El País (Cali),https://www.elpais.com.co/cali/terremoto-en-cali-en-vivo-autoridades-suspenden-el-pico-y-placa-debido-a-la-emergencia-1007.html,"uerdo con el mandatario, la emergencia deja ademas cerca de 5.000 viviendas averiadas o colapsadas , mientras las autoridades concentran sus esfu"
2026-08-14,viviendas_averiadas,65841,Infobae,https://www.infobae.com/colombia/2026/08/14/que-tan-preparada-esta-bogota-para-un-gran-sismo-75-de-las-edificaciones-son-vulnerables-y-nueve-localidades-enfrentarian-riesgo-por-suelos-blandos/,"adas. a nivel de infraestructura, el panorama es alarmante: 65.841 viviendas averiadas, 10.677 destruidas y 127 edificios colapsados , acompanados"
2026-08-10,viviendas_destruidas,11000,Infobae,https://www.infobae.com/colombia/2026/08/10/en-vivo-fuerte-temblor-de-74-se-sintio-en-colombia-cali-y-manizales-reportan-derrumbes-en-edificaciones/,"e 102.000 personas afectadas, casi 300 fallecidos, cerca de 11.000 viviendas destruidas y un sistema de servicios colapsado en decenas de municipio"
2026-08-11,viviendas_destruidas,468,Chocó7dias,https://choco7dias.com/ultimo-balance-del-terremoto-en-el-choco-14-muertos-mas-de-43-000-damnificados-y-468-viviendas-destruidas/,"emoto en el choco: 14 muertos, mas de 43.000 damnificados y 468 viviendas destruidas by choco 7 dias 12 agosto, 2026 in lo ultimo 0 ultimo balan"
2026-08-13,viviendas_destruidas,1067,La FM,https://www.lafm.com.co/actualidad/terremoto-colombia-en-vivo-hoy-13-agosto-2026-ultima-hora-balance-muertos-desaparecidos-407738,"gnitud 7,4 en colombia, que dejo 44.936 familias afectadas, 1.067 viviendas destruidas y mas de 65.000 averiadas, el presidente abelardo de la esp"
2026-08-13,viviendas_destruidas,1136,Infobae,https://www.infobae.com/colombia/2026/08/13/la-liendra-anuncio-un-documental-para-recaudar-dinero-para-los-damnificados-del-terremoto-en-colombia/," terremoto afecto 357 municipios en 13 departamentos y dejo 1.136 viviendas destruidas, 8.385 averiadas y danos en 796 centros educativos y 84 est"
2026-08-13,viviendas_destruidas,10677,Infobae,https://www.infobae.com/colombia/2026/08/13/indemnizacion-por-el-terremoto-quien-puede-reclamar-hasta-43-millones-y-que-documentos-necesita/,"encia tambien provoco que 65.841 viviendas esten averiadas, 10.677 viviendas destruidas y 127 edificios colapsados. para las victimas y sus familia"
2026-08-13,viviendas_destruidas,12584,La FM,https://www.lafm.com.co/actualidad/terremoto-colombia-en-vivo-hoy-13-agosto-2026-ultima-hora-balance-muertos-desaparecidos-407738,"ntos del pais, mientras que en infraestructura se registran 12.584 viviendas destruidas, 74.873 averiadas y 172 edificios colapsados, ademas de gra"
2026-08-14,viviendas_destruidas,11000,Infobae,https://www.infobae.com/colombia/2026/08/14/que-tan-preparada-esta-bogota-para-un-gran-sismo-75-de-las-edificaciones-son-vulnerables-y-nueve-localidades-enfrentarian-riesgo-por-suelos-blandos/,"e 102.000 personas afectadas, casi 300 fallecidos, cerca de 11.000 viviendas destruidas y un sistema de servicios colapsado en decenas de municipio"
